"strategy","final_value","min_value","max_value","average_value","value_volatility","average_growth_rate","worst_growth_rate"
"Staged Optionality Strategy",371.790203488531,102.567121183368,371.790203488531,211.543752025323,82.9846832869777,3.37359898487942,-2.42337370209168
"Learning Portfolio Strategy",328.802963436841,101.784477104545,336.395776839313,204.832320682651,74.3771286975109,3.05970479969897,-3.60775271319597
"Balanced Adaptive Strategy",308.127610841432,104.855609801208,308.127610841432,191.763332259845,54.9285986987033,2.90089633477462,-7.14505599419003
"Modular No-Regrets Strategy",290.224558431113,103.097914141217,290.224558431113,184.638300947596,56.7558713325799,2.74236712466508,-2.65524635457658
"Defensive Resilience Strategy",285.971401262733,102.898543936734,285.971401262733,174.881735614932,49.2250280821654,2.69620869692377,-2.75891436606311
"Aggressive Commitment",162.60067993331,106.653958488469,162.60067993331,128.62983358416,14.5910263045233,1.36398625783056,-13.8792876814958
