"confidence_flag","n_cases","average_forecast_probability","average_confidence","observed_frequency","average_brier_score","review_rate"
"approximately calibrated",700,0.586943086629172,0.584611768309891,0.627142857142857,0.198692814773556,0.455714285714286
"overconfident",94,0.577393881931694,0.714248698183923,0.627659574468085,0.174990114594149,0.595744680851064
"underconfident",106,0.584939536978,0.447773120904809,0.688679245283019,0.190332945752807,0.594339622641509
