"domain","n_cases","average_prior","average_posterior","average_forecast_probability","observed_frequency","average_brier_score","average_absolute_error","average_confidence_gap","average_anchor_distortion","review_rate"
"Infrastructure",143,0.474489896721386,0.642165448430198,0.598343742307467,0.636363636363636,0.217380426093434,0.424587721975057,0.00177084279284349,0.0983523976983587,0.524475524475524
"Healthcare",172,0.47265625094425,0.64090241116626,0.599581214734674,0.622093023255814,0.206288152222284,0.408621126275125,-0.00226093331315746,0.111082462507103,0.563953488372093
"Public Policy",158,0.448103842599188,0.609708647205793,0.56573496190214,0.607594936708861,0.194501923849276,0.404335722248492,-0.00426165387163064,0.0877782427092697,0.436708860759494
"AI Governance",139,0.452941527376219,0.613749224723904,0.592684342080163,0.640287769784173,0.187293616413194,0.397872776611866,-0.0104756544044193,0.112161185120511,0.496402877697842
"Financial Risk",145,0.456997461575292,0.617684531785952,0.569108435728842,0.668965517241379,0.186876698796254,0.392593360531201,-0.00550732325625606,0.101536498470722,0.420689655172414
"Organizational Strategy",143,0.484213417121926,0.651162522039887,0.588515256412396,0.636363636363636,0.176784141779486,0.382446085574564,-0.00170308421656894,0.105047497924755,0.468531468531469
