"evidence_quality","n_cases","average_forecast_probability","observed_frequency","average_brier_score","average_absolute_error","average_anchor_distortion","review_rate","evidence_review_flag"
"high",222,0.590602020522159,0.725225225225225,0.170756752736313,0.384077958108807,0.102957087584533,0.40990990990991,"review"
"low",198,0.580516444986864,0.590909090909091,0.201292292354895,0.396486391709098,0.101350755228363,0.525252525252525,"review"
"medium",480,0.58558931624656,0.610416666666667,0.204053042436263,0.412571777670201,0.103022093759198,0.50625,"review"
