strategy,final_value,minimum_value,maximum_value,average_value,path_volatility,downside_exposure,simulation_robustness_score,rank
Robust Modular Strategy,276.694333,105.472601,276.694333,180.329897,49.83021,0.0,1.540791,1
Defensive Resilience,268.40532,104.168062,268.40532,174.210007,49.10874,0.0,1.496735,2
Balanced Optionality,264.466456,100.328739,264.466456,170.649352,48.398845,0.0,1.467005,3
Adaptive Sequencing,251.601802,99.786955,251.601802,169.802981,40.809523,0.213045,1.427479,4
Aggressive Expansion,231.243309,99.228036,232.565468,146.892444,40.255121,0.771964,1.306511,5
