"domain","n_forecasts","average_forecast_probability","observed_frequency","brier_score","log_loss","average_forecast_value_proxy","positive_forecast_value_rate","action_rate_with_forecast","action_rate_without_forecast"
"Organizational Strategy",143,0.522465935547933,0.524475524475524,0.185569860592257,0.546265241759009,-5.4824328941677,0.0979020979020979,0.832167832167832,0.853146853146853
"Infrastructure",143,0.518396911834609,0.496503496503497,0.204993128898579,0.580520884876386,-5.58975770228448,0.0769230769230769,0.832167832167832,0.839160839160839
"Public Policy",158,0.490462214339337,0.443037974683544,0.227885636762917,0.644945095408606,-5.67776156301129,0.0759493670886076,0.80379746835443,0.778481012658228
"AI Governance",139,0.470859187236895,0.510791366906475,0.17998485854669,0.528894555875449,-5.78086368555148,0.0863309352517986,0.784172661870504,0.83453237410072
"Financial Risk",145,0.489438115590483,0.482758620689655,0.214827897611802,0.629439834501077,-5.78740669567428,0.0689655172413793,0.806896551724138,0.83448275862069
"Healthcare",172,0.494087094276888,0.540697674418605,0.219382732245775,0.621880859548128,-6.06351795982756,0.0755813953488372,0.86046511627907,0.825581395348837
