"domain","n_forecasts","brier_score","log_loss","average_forecast_value_proxy"
"AI Governance",139,0.17998485854669,0.528894555875449,-5.78086368555148
"Organizational Strategy",143,0.185569860592257,0.546265241759009,-5.4824328941677
"Infrastructure",143,0.204993128898579,0.580520884876386,-5.58975770228448
"Financial Risk",145,0.214827897611802,0.629439834501077,-5.78740669567428
"Healthcare",172,0.219382732245775,0.621880859548128,-6.06351795982756
"Public Policy",158,0.227885636762917,0.644945095408606,-5.67776156301129
