"forecast_horizon_days","n_forecasts","brier_score","log_loss","calibration_gap","average_forecast_value_proxy"
7,178,0.221463351909237,0.627284852512294,-0.0309996320741883,-5.90782917884569
30,171,0.210186105924397,0.599802312903902,0.0276095165196054,-6.08455629481779
90,168,0.202253244737326,0.598056336475736,-0.00694485627215208,-5.43533539545041
180,193,0.2042720787905,0.587163123342993,-0.000570121112714927,-5.77643385235001
365,190,0.194699218254482,0.561902745832452,-0.000995644966735099,-5.50530470692431
