"threshold","action_rate","observed_frequency_among_acted","average_probability_among_acted","average_brier_among_acted","threshold_calibration_gap","review_flag"
0.25,0.824444444444444,0.582210242587601,0.572869331676441,0.229469476781547,-0.00934091091115996,"acceptable"
0.4,0.643333333333333,0.633851468048359,0.640899779978728,0.224593215328884,0.00704831193036903,"acceptable"
0.55,0.41,0.685636856368564,0.735186369514455,0.208977548894998,0.0495495131458911,"acceptable"
0.7,0.223333333333333,0.776119402985075,0.828313825346984,0.169851025139121,0.052194422361909,"acceptable"
0.85,0.0911111111111111,0.865853658536585,0.918738093379052,0.113648471503442,0.052884434842467,"acceptable"
