"strategy","mean_return","expected_loss","risk_adjusted_score"
"Resilient Strategy",0.104180893292138,0.000399098593847771,0.09347965712829
"Conservative Strategy",0.044190763768451,0.000492188438420627,0.0359571378075095
"Balanced Strategy",0.0785466928228627,0.00541820005611588,0.0378613739922508
"Adaptive Strategy",0.0998776987573824,0.00701690949119257,0.0462750063348059
"High-Risk Strategy",0.091149397125063,0.0347238339996252,-0.0647151379403844
