"strategy","mean_return","expected_loss","volatility","downside_breach_probability","value_at_risk_5pct","conditional_value_at_risk_5pct","minimum_return","maximum_return","risk_penalty_score","risk_adjusted_score"
"Resilient Strategy",0.104180893292138,0.000399098593847771,0.0506074096381263,0,0.0206940101772506,-0.00146689909458577,-0.0806868086022988,0.287409474735201,0.0107012361638477,0.09347965712829
"Adaptive Strategy",0.0998776987573824,0.00701690949119257,0.092601912172206,0.0186,-0.0548286802516077,-0.0994546388873931,-0.299476164728232,0.418751693429933,0.0536026924225765,0.0462750063348059
"Balanced Strategy",0.0785466928228627,0.00541820005611588,0.0726845728802211,0.0091,-0.041517732961172,-0.0762901141164236,-0.218255483213442,0.364648607217841,0.0406853188306119,0.0378613739922508
"Conservative Strategy",0.044190763768451,0.000492188438420627,0.0256560811589881,0,0.00154483587473103,-0.00976714591898878,-0.0585006115651182,0.153202281846323,0.00823362596094147,0.0359571378075095
"High-Risk Strategy",0.091149397125063,0.0347238339996252,0.17657366769236,0.1363,-0.20802079235109,-0.293171532090355,-0.707455096033798,0.744593480103714,0.155864535065447,-0.0647151379403844
