"bias_profile","n_cases","average_evidence_based_probability","average_judged_probability","observed_frequency","average_brier_score","average_bias_magnitude","average_confidence_gap","review_rate"
"anchoring",123,0.493874099530825,0.514169403108416,0.463414634146341,0.199832203667012,0.118831732643087,0.00601249040566362,0.617886178861789
"availability",160,0.477135057706386,0.53931235471916,0.525,0.198198389799616,0.0981335622937237,0.000201425666925549,0.5
"confirmation",146,0.484150522073335,0.549051885591598,0.506849315068493,0.200751233951744,0.0809938119087059,-0.00408666305106712,0.513698630136986
"representativeness",130,0.498440499228318,0.490588207090729,0.492307692307692,0.192144493315225,0.041508684880436,-0.00670925470222712,0.323076923076923
"balanced",200,0.476780695516244,0.476780695516244,0.44,0.163885027032435,0,-0.00332919639044619,0.26
"overconfidence",141,0.496505420437406,0.496505420437406,0.546099290780142,0.181857067374822,0,-0.00361116954041249,0.375886524822695
