"domain","n_cases","average_judged_probability","observed_frequency","calibration_gap","average_brier_score","average_bias_magnitude","review_rate","domain_review_flag"
"Financial Risk",145,0.489249044491973,0.503448275862069,-0.0141992313700963,0.19743653923945,0.0467904926587756,0.468965517241379,"review"
"AI Governance",139,0.483591697902609,0.410071942446043,0.073519755456566,0.19956209682241,0.05999042995311,0.446043165467626,"review"
"Organizational Strategy",143,0.526725552990062,0.48951048951049,0.0372150634795725,0.190874221078776,0.0539801369586128,0.412587412587413,"review"
"Infrastructure",143,0.521402879297768,0.48951048951049,0.0318923897872787,0.187005639636366,0.0507865514032167,0.405594405594406,"review"
"Public Policy",158,0.528786817826657,0.582278481012658,-0.0534916631860015,0.173466115956945,0.0523574630250567,0.40506329113924,"review"
"Healthcare",172,0.507228014226289,0.476744186046512,0.030483828179777,0.181316997452058,0.0532644875727784,0.38953488372093,"review"
