"strategy","final_value","min_value","max_value","average_value","value_volatility","average_growth_rate","worst_growth_rate"
"Staged Optionality Strategy",341.088329751149,102.457235048139,341.088329751149,200.181526811057,73.7284783775773,3.15254607296099,-2.87530157180508
"Balanced Adaptive Strategy",288.200021972655,104.822622584872,288.200021972655,185.09906754478,48.9780043583459,2.7316087796226,-7.5689033139625
"Modular Investment Strategy",282.51421654159,103.050395519966,282.51421654159,182.131884826245,54.3392659782034,2.68117789273288,-3.21315518484785
"Defensive Resilience Strategy",269.298354313927,102.783165044354,269.298354313927,168.920901079532,44.5735705157466,2.54361143574186,-2.89328964693137
"No-Regrets Capacity Strategy",251.519266108785,101.646886091906,258.551163782323,173.610386772838,49.355872073888,2.36674241073122,-4.05999887244036
"Aggressive Growth Strategy",147.558144852775,99.9081235912092,152.185586054373,122.037608739699,14.0742036664924,1.12573685599228,-14.5805424173342
