"alternative","average_score","min_score","max_score","average_rank","best_rank_rate","top_two_rate","rank_volatility"
"Adaptive Portfolio Option",0.734670189606737,0.634279220211809,0.838362445725379,1,1,1,0
"Balanced Option",0.649124485432336,0.602871207359186,0.692724506441592,2.339,0,0.669333333333333,0.490740198048468
"Resilience-Priority Option",0.632523024499381,0.464787908107194,0.807273074491514,2.755,0,0.320333333333333,0.579442477324687
"Equity-Priority Option",0.57939492645584,0.4392519503721,0.721439124155105,3.91,0,0.0103333333333333,0.328536114696026
"Low-Cost Minimum Option",0.315428438573319,0.1396803093364,0.51051642623914,5.20166666666667,0,0,0.41439248215347
"Efficiency-First Option",0.300135064565323,0.180651669223873,0.441087216215379,5.79433333333333,0,0,0.404255319086698
