"alternative","average_score","min_score","max_score","average_rank","best_rank_rate","top_two_rate","rank_volatility"
"Adaptive Portfolio Option",0.839063240946569,0.804959174400969,0.865284429091266,1,1,1,0
"Balanced Option",0.752574939947248,0.742705956733682,0.76443280566054,2.28,0,0.725666666666667,0.461523926550133
"Resilience-Priority Option",0.742403041790501,0.684825162184657,0.804393391999092,2.919,0,0.244,0.63290799029142
"Equity-Priority Option",0.721275362499577,0.659218961600887,0.773794101962883,3.80133333333333,0,0.0303333333333333,0.469686161799278
"Low-Cost Minimum Option",0.575910107619579,0.497415824834601,0.684663876471493,5.048,0,0,0.215355812649703
"Efficiency-First Option",0.563008412262079,0.48929312712403,0.648471302610755,5.95166666666667,0,0,0.21450538394673
