"alternative","composite_score","rank","average_score","min_score","max_score","average_rank.x","best_rank_rate","top_two_rate","rank_volatility","average_regret","max_regret","average_rank.y","worst_rank","dominated_by_any","dominator_count","review_flag"
"Adaptive Portfolio Option",0.839,1,0.839063240946569,0.804959174400969,0.865284429091266,1,1,1,0,0,0,1,1,FALSE,0,"acceptable"
"Balanced Option",0.7526,2,0.752574939947248,0.742705956733682,0.76443280566054,2.28,0,0.725666666666667,0.461523926550133,0.0892,0.1024,2.75,3,FALSE,0,"review"
"Resilience-Priority Option",0.7426,3,0.742403041790501,0.684825162184657,0.804393391999092,2.919,0,0.244,0.63290799029142,0.09335,0.1148,2.75,4,FALSE,0,"review"
"Equity-Priority Option",0.7214,4,0.721275362499577,0.659218961600887,0.773794101962883,3.80133333333333,0,0.0303333333333333,0.469686161799278,0.11745,0.1422,3.75,5,FALSE,0,"review"
"Low-Cost Minimum Option",0.5756,5,0.575910107619579,0.497415824834601,0.684663876471493,5.048,0,0,0.215355812649703,0.27565,0.329,4.75,5,FALSE,0,"review"
"Efficiency-First Option",0.5628,6,0.563008412262079,0.48929312712403,0.648471302610755,5.95166666666667,0,0,0.21450538394673,0.28735,0.3338,6,6,FALSE,0,"review"
