"domain","pre_bias","post_bias","bias_reduction","pre_noise","post_noise","noise_reduction","mse_reduction"
"Financial Risk",0.063034639789393,0.0385699118761866,0.0244647279132064,0.117419631592066,0.0924937488791235,0.0249258827129425,0.00768191934859557
"AI Governance",0.0601345638887518,0.0351531772635954,0.0249813866251564,0.118581366135453,0.0934643814423424,0.0251169846931104,0.00766805351293142
"Public Policy",0.0551508388091333,0.0347799400026705,0.0203708988064628,0.11257126184216,0.0857598154724085,0.0268114463697516,0.00711585850192185
"Organizational Strategy",0.0620126244903625,0.0379484898505753,0.0240641346397872,0.106870918990382,0.0855584570120006,0.0213124619783816,0.00647794214682792
"Healthcare",0.0660777613717516,0.0491517799082713,0.0169259814634803,0.10879881882794,0.0877555065249125,0.0210433123030272,0.00606247972537752
"Infrastructure",0.0274660300328533,0.0241309901056378,0.00333503992721548,0.108794241750405,0.0873892684019382,0.0214049733484668,0.00434201517461715
