"bias_source","n_cases","pre_bias","post_bias","bias_reduction","pre_noise","post_noise","noise_reduction","pre_mse","post_mse","mse_reduction","mean_error_reduction","mean_brier_improvement","review_rate"
"model_overtrust",135,0.100916577807229,0.0631430067699683,0.0377735710372604,0.0947881408833465,0.076451938685841,0.0183362021975055,0.0191023933162057,0.00978864268515494,0.00931375063105071,0.0342341775600128,0.00735949870071194,0.555555555555556
"confirmation",136,0.107625767129189,0.0584258871516055,0.0491998799775832,0.089638588589395,0.0831671463759178,0.00647144221347719,0.0195593008691195,0.0102794998916749,0.00927980097744452,0.0355005607542114,0.0168444856770676,0.61764705882353
"anchoring",128,0.0920959184583041,0.0625335431783467,0.0295623752799574,0.0997485403223456,0.0801902550218994,0.0195582853004462,0.0183536969048638,0.0102906829213492,0.00806301398351459,0.0298396220284299,0.00989349106837781,0.6171875
"overconfidence",125,0.096643192481984,0.0621653715235701,0.0344778209584139,0.0995870455554007,0.0869341029571084,0.0126529425982923,0.0191781456584236,0.011361611367565,0.00781653429085866,0.028595105401357,0.0120071257818037,0.64
"availability",127,0.00268172938041651,-0.00305323823495595,-0.00037150885453944,0.109874426719635,0.087623865601413,0.0222505611182215,0.0119845231332415,0.00762680785182763,0.00435771528141389,0.0199167022497909,0.00924274157077015,0.551181102362205
"framing",129,0.000702653465207757,-0.00251951026812123,-0.00181685680291348,0.103057093685933,0.0806917645094073,0.0223653291765257,0.0105389267726741,0.0064670346764418,0.00407189209623232,0.022965745283934,0.0108332520308088,0.51937984496124
"groupthink",120,-0.0182279887514873,0.0147768142221521,0.00345117452933519,0.104658418284146,0.0930493393336563,0.01160907895049,0.0111943658873492,0.00880438229273234,0.00238998359461685,0.00746460342913018,-0.00929376561591079,0.641666666666667
