"domain","n_cases","pre_bias","post_bias","bias_reduction","pre_noise","post_noise","noise_reduction","pre_mse","post_mse","mse_reduction","mean_error_reduction","mean_brier_improvement","review_rate"
"Financial Risk",145,0.063034639789393,0.0385699118761866,0.0244647279132064,0.117419631592066,0.0924937488791235,0.0249258827129425,0.0176656503870556,0.00998373103846003,0.00768191934859557,0.0287993328615916,0.0158028619584532,0.620689655172414
"AI Governance",139,0.0601345638887518,0.0351531772635954,0.0249813866251564,0.118581366135453,0.0934643814423424,0.0251169846931104,0.0175765440075288,0.00990849049459739,0.00766805351293142,0.0278621736080018,0.00872097108112575,0.60431654676259
"Public Policy",158,0.0551508388091333,0.0347799400026705,0.0203708988064628,0.11257126184216,0.0857598154724085,0.0268114463697516,0.0156336996533736,0.00851784115145179,0.00711585850192185,0.0277927261734729,0.000552595131627624,0.518987341772152
"Organizational Strategy",143,0.0620126244903625,0.0379484898505753,0.0240641346397872,0.106870918990382,0.0855584570120006,0.0213124619783816,0.015187089038634,0.00870914689180606,0.00647794214682792,0.0293487737588528,0.00674242980449647,0.566433566433566
"Healthcare",172,0.0660777613717516,0.0491517799082713,0.0169259814634803,0.10879881882794,0.0877555065249125,0.0210433123030272,0.0161346326949875,0.01007215296961,0.00606247972537752,0.02155672865354,0.00547283015762334,0.633720930232558
"Infrastructure",143,0.0274660300328533,0.0241309901056378,0.00333503992721548,0.108794241750405,0.0873892684019382,0.0214049733484668,0.0125077993050836,0.00816578413046644,0.00434201517461715,0.0201865500633084,0.0140648358706603,0.601398601398601
