"hygiene_practice","n_cases","pre_bias","post_bias","bias_reduction","pre_noise","post_noise","noise_reduction","pre_mse","post_mse","mse_reduction","mean_error_reduction","mean_brier_improvement","review_rate"
"base_rate_check",131,0.0533534859660952,0.0311480257541759,0.0222054602119193,0.119654415960861,0.0859752037630045,0.0336792121978568,0.0170544822789444,0.00830550970740355,0.00874897257154089,0.0311636093489322,0.00177258032020792,0.580152671755725
"calibration_review",128,0.0427882196428998,0.0228920057996894,0.0198962138432104,0.117421607903887,0.0865270554263553,0.0308945524775313,0.0155109482897967,0.00795248359934516,0.00755846469045158,0.0284506099865677,-0.00219113597502173,0.59375
"premortem",136,0.0610215669175498,0.0488620399065591,0.0121595270109907,0.11549799260504,0.0880602158309043,0.0274377767741359,0.0169653312609272,0.0100850814265143,0.00688024983441299,0.027440645925104,0.0252451002955068,0.595588235294118
"independent_estimates",123,0.0632693185953545,0.0376588341216217,0.0256104844737328,0.110704950224525,0.0901594153067286,0.0205455349177959,0.0161589537691316,0.00948082080000993,0.00667813296912164,0.0232258193196426,0.0111312161834445,0.552845528455285
"structured_dissent",129,0.0580152767271763,0.0384415343773066,0.0195737423498696,0.105922392435231,0.0832578539069376,0.0226645385282934,0.0144983522721649,0.00835588637427536,0.00614246589788955,0.0252509025290559,0.00835894240385708,0.635658914728682
"model_validation",135,0.0442416257455178,0.0298428209370996,0.0143988048084182,0.118593325597093,0.0968867257708463,0.0217065998262464,0.0159175177553313,0.0102080979800005,0.00570941977533085,0.0266921779816132,0.0111579891891626,0.585185185185185
"decision_record",118,0.0709282542142967,0.0511021208345773,0.0198261333797194,0.0962167080961813,0.0881171955089682,0.00809951258721311,0.0142100174600684,0.0103102648630357,0.00389975259703264,0.0174379643045992,0.00143099843369838,0.593220338983051
