"metric","value"
"pre_bias",0.0559704247051141
"post_bias",0.0370062568445221
"bias_reduction",0.018964167860592
"pre_noise",0.11256386014762
"post_noise",0.0887670382656948
"noise_reduction",0.0237968218819251
"pre_mse",0.0157892325834356
"post_mse",0.00924029503134778
"mse_reduction",0.00654893755208784
"expected_calibration_error",0.0603560861678111
"review_rate",0.591111111111111
