"domain","n_cycles","average_aspiration","average_search_length","satisficing_found_rate","average_opportunity_loss","average_net_value_advantage","review_rate","domain_review_flag"
"Organizational Strategy",85,0.688714171963963,4.98823529411765,0.729411764705882,0.049222362445113,0.0944869992812504,0.411764705882353,"review"
"AI Governance",90,0.693675237499643,4.77777777777778,0.711111111111111,0.0355807234718884,0.117910155095082,0.366666666666667,"review"
"Infrastructure",72,0.690555469621322,4.43055555555556,0.763888888888889,0.0225384577435902,0.124039387385122,0.305555555555556,"acceptable"
"Financial Risk",83,0.669953461747353,3.34939759036145,0.771084337349398,0.0435602536497212,0.116391281546642,0.27710843373494,"acceptable"
"Healthcare",83,0.698312291896044,4.48192771084337,0.795180722891566,0.0389060581707096,0.114951182271067,0.265060240963855,"acceptable"
"Public Policy",87,0.676629960558313,4.29885057471264,0.885057471264368,0.0402279216339149,0.116756761331456,0.183908045977011,"acceptable"
