"probability_bin","n_cases","average_forecast_probability","observed_frequency","calibration_gap","absolute_calibration_gap","average_brier_score","average_confidence","weighted_calibration_error"
"[0.5,0.6)",102,0.556833815974339,0.42156862745098,0.135265188523358,0.135265188523358,0.262898445702835,0.747626183676401,0.0153300546993139
"[0.8,0.9)",109,0.848108267561862,0.715596330275229,0.132511937286632,0.132511937286632,0.216839572065322,0.761155609496455,0.0160486679602699
"[0.7,0.8)",114,0.747915417630136,0.631578947368421,0.116336470261715,0.116336470261715,0.245374857224962,0.737557052448065,0.0147359528998172
"[0.6,0.7)",100,0.654027989487746,0.55,0.104027989487746,0.104027989487746,0.260994195375319,0.75316046823964,0.0115586654986384
"[0.4,0.5)",100,0.446977441647905,0.37,0.0769774416479049,0.0769774416479049,0.240799082789906,0.73368976125617,0.00855304907198944
"[0.1,0.2)",113,0.151660975809333,0.079646017699115,0.0720149581102176,0.0720149581102176,0.0775873053141831,0.742274584590964,0.00904187807383844
"[0.2,0.3)",108,0.24590076368466,0.185185185185185,0.0607155784994743,0.0607155784994743,0.153536632067835,0.760563221650815,0.00728586941993692
"[0.3,0.4)",101,0.346519600885625,0.297029702970297,0.0494898979153282,0.0494898979153282,0.210705761015407,0.749737061279351,0.00555386632160905
"[0.9,1]",53,0.926591757198198,0.886792452830189,0.0397993043680095,0.0397993043680095,0.101922935162825,0.727309400436407,0.00234373681278278
