"confidence_flag","n_cases","average_confidence","average_accuracy_proxy","average_confidence_error","average_brier_score","review_rate"
"approximately calibrated",381,0.799647691755249,0.822153514274062,-0.0225058225188131,0.177846485725938,0.913385826771654
"overconfident",171,0.844240945104676,0.477728251645044,0.366512693459632,0.522271748354956,1
"underconfident",348,0.641517483725657,0.932276564607148,-0.290759080881491,0.0677234353928518,0.879310344827586
