"domain","n_cases","average_forecast_probability","observed_frequency","average_confidence","average_brier_score","average_confidence_error","duration_interval_coverage","cost_interval_coverage","average_duration_planning_error","average_cost_planning_error","review_rate","duration_coverage_flag","cost_coverage_flag"
"Public Policy",158,0.506348397674428,0.436708860759494,0.753693959275806,0.201589455115211,-0.0447165856089834,0.278481012658228,0.30379746835443,0.351812466302047,0.241283233554735,0.936708860759494,"overprecise","overprecise"
"Healthcare",172,0.533451705587809,0.447674418604651,0.747527386513606,0.193333708409552,-0.059138905076842,0.290697674418605,0.325581395348837,0.249010319701789,0.27861824578834,0.936046511627907,"overprecise","overprecise"
"Financial Risk",145,0.516166029011686,0.427586206896552,0.733502840328801,0.19954787282192,-0.0669492868492785,0.358620689655172,0.303448275862069,0.298250097117282,0.218273336733481,0.917241379310345,"overprecise","overprecise"
"AI Governance",139,0.511688699051671,0.381294964028777,0.726257850601716,0.206248643337747,-0.0674935060605368,0.309352517985612,0.338129496402878,0.226304780567474,0.236368774374887,0.913669064748201,"overprecise","overprecise"
"Infrastructure",143,0.535475860017114,0.461538461538462,0.760134422098648,0.201758196591311,-0.0381073813100413,0.384615384615385,0.293706293706294,0.228521301513133,0.268279711974781,0.895104895104895,"overprecise","overprecise"
"Organizational Strategy",143,0.546209616303424,0.447552447552448,0.759536538607265,0.203334116759884,-0.0371293446328508,0.335664335664336,0.34965034965035,0.285485487935847,0.25680100722069,0.895104895104895,"overprecise","overprecise"
