"decision","final_value","min_value","max_value","average_value","volatility"
"Adaptive Learning Portfolio",246.6069389363,101.860633978357,246.6069389363,168.279059115479,41.7571287889617
"Mission-Aligned Capability Build",212.657341966168,101.734960438659,212.657341966168,154.291359656961,30.9422763953983
"Balanced Strategic Investment",268.023826247315,103.617045315,268.023826247315,169.318310546648,46.3541210862343
"Risk-Controlled Expansion",241.827827632593,100.446875579855,241.827827632593,159.350187641154,40.1343512798238
"Efficiency Consolidation",214.646551608782,103.400441019235,214.646551608782,153.72323917244,35.1788687945259
"Fast Growth Allocation",196.118303158545,102.735255636021,196.118303158545,144.192050898009,30.6782439246096
