"domain","n_forecasts","brier_score","log_loss","absolute_calibration_gap"
"Policy Forecast",221,0.172338691185344,0.514447766143695,0.0255652741834019
"Strategic Forecast",245,0.178800483795851,0.529525238243152,0.00246474902395694
"Risk Forecast",271,0.185859042009068,0.567275010607359,0.0202837500584053
"Model Governance Forecast",219,0.190261914929627,0.581960366197547,0.0172832779156663
"Operational Forecast",244,0.19275928727997,0.571876722785632,0.00533502777617523
