"domain","n_forecasts","average_forecast_probability","observed_frequency","calibration_gap","absolute_calibration_gap","brier_score","log_loss","calibration_flag"
"Policy Forecast",221,0.476697169255512,0.502262443438914,-0.0255652741834019,0.0255652741834019,0.172338691185344,0.514447766143695,"acceptable"
"Risk Forecast",271,0.525841711196207,0.546125461254613,-0.0202837500584053,0.0202837500584053,0.185859042009068,0.567275010607359,"acceptable"
"Model Governance Forecast",219,0.498698457244151,0.515981735159817,-0.0172832779156663,0.0172832779156663,0.190261914929627,0.581960366197547,"acceptable"
"Operational Forecast",244,0.482369890256612,0.487704918032787,-0.00533502777617523,0.00533502777617523,0.19275928727997,0.571876722785632,"acceptable"
"Strategic Forecast",245,0.475086271384206,0.477551020408163,-0.00246474902395694,0.00246474902395694,0.178800483795851,0.529525238243152,"acceptable"
