"confidence_profile","n_forecasts","average_forecast_probability","observed_frequency","calibration_gap","absolute_calibration_gap","brier_score","log_loss","bias_direction"
"overconfident",383,0.52059857627183,0.522193211488251,-0.00159463521642078,0.00159463521642078,0.193436398691191,0.594150044402855,"well calibrated"
"underconfident",187,0.482373750912445,0.508021390374332,-0.0256476394618864,0.0256476394618864,0.183024003594984,0.548207668359276,"well calibrated"
"well calibrated",630,0.478681561674786,0.496825396825397,-0.0181438351506109,0.0181438351506109,0.178809152002087,0.530271598618098,"well calibrated"
