"decision_threshold","action_count","action_rate","average_probability_among_acted","observed_success_rate_among_acted","threshold_calibration_gap","brier_score_among_acted","threshold_review_flag"
0.55,509,0.424166666666667,0.748854626988367,0.772102161100196,-0.0232475341118294,0.176335253875043,"acceptable"
0.65,351,0.2925,0.814938742567953,0.811965811965812,0.00297293060214088,0.152709944935489,"acceptable"
0.75,228,0.19,0.876556144291492,0.842105263157895,0.034450881133597,0.134218019479231,"acceptable"
0.85,130,0.108333333333333,0.93728180148667,0.876923076923077,0.060358724563593,0.11220685854848,"acceptable"
