"domain","n_groups","average_collective_error","average_independent_error","average_social_influence_error_change","average_dissent_ratio","average_influence_concentration","average_hidden_profile_risk","average_consensus_pressure","review_rate"
"AI Governance",39,0.0272393764310672,0.0294707948421012,-0.00223141841103398,0.135531135531136,0.192828411763699,0.455064052381866,0.361814089325997,0.666666666666667
"Infrastructure",40,0.0278344904307755,0.029859157672253,-0.00202466724147749,0.110714285714286,0.191740272281298,0.397557863425704,0.323998298183433,0.575
"Organizational Strategy",40,0.0272986104264209,0.0297802260706118,-0.00248161564419093,0.135714285714286,0.194513732231271,0.414698061548874,0.409337623764877,0.575
"Healthcare",45,0.0239690619222249,0.0253485325338521,-0.00137947061162723,0.13015873015873,0.18805287634424,0.397898414031025,0.363861451194518,0.555555555555556
"Public Policy",49,0.0235838101764099,0.0258951639339194,-0.00231135375750958,0.139941690962099,0.192062766069147,0.397633690944173,0.401882887801289,0.551020408163265
"Financial Risk",27,0.0255377245135331,0.0263698293069889,-0.00083210479345578,0.132275132275132,0.190585232643962,0.334893285026584,0.36349531660736,0.333333333333333
