"domain","n_cases","average_expected_value","average_expected_utility","average_prospect_score","average_probability_weight_distortion","average_frame_sensitivity_index","average_absolute_rank_divergence","review_rate"
"Financial Risk",111,66.7204179670158,4.56528475792723,15.4776989836497,0.058838045143459,182.869838365584,25.4594594594595,0.621621621621622
"Infrastructure",115,85.2021217413571,5.69819140941025,19.4358804517054,0.072108407554145,201.494480033243,19.704347826087,0.608695652173913
"Healthcare",145,72.992451391883,4.91912128064621,9.08250111255629,0.057857952401408,188.372477493477,25.4896551724138,0.606896551724138
"Public Policy",119,78.2550931908816,5.42473304654556,11.6614357834384,0.059928661581756,188.375313820405,23.0924369747899,0.605042016806723
"Organizational Strategy",113,69.0359194152123,5.0901177756762,11.2784597757153,0.0634872065971789,176.513616852502,21.5044247787611,0.584070796460177
"AI Governance",117,65.9423410537788,4.64874915414286,5.15655259928214,0.059707909804729,179.848140498903,21.8290598290598,0.555555555555556
