"reference_point","n_cases","average_prospect_score","average_frame_sensitivity_index","average_absolute_rank_divergence","review_rate"
-100,192,68.2342262844774,184.672062809611,31.0572916666667,0.713541666666667
0,348,14.8242849639174,184.664322410245,13.6695402298851,0.482758620689655
100,180,-54.0234202589446,191.49522071155,32.2222222222222,0.694444444444444
