"domain","n_cases","frame_reversal_rate","average_frame_sensitivity_index","gain_risky_choice_rate","loss_risky_choice_rate","review_rate","domain_review_flag"
"Public Policy",158,0.955696202531646,82.1520964752126,0.588607594936709,0.392405063291139,0.955696202531646,"review"
"Organizational Strategy",129,0.945736434108527,92.5436564728833,0.635658914728682,0.310077519379845,0.945736434108527,"review"
"AI Governance",123,0.934959349593496,77.7493783871709,0.609756097560976,0.341463414634146,0.934959349593496,"review"
"Infrastructure",126,0.928571428571429,86.6916342968973,0.619047619047619,0.325396825396825,0.928571428571429,"review"
"Financial Risk",126,0.920634920634921,90.652537557376,0.5,0.420634920634921,0.920634920634921,"review"
"Healthcare",138,0.91304347826087,82.646988304868,0.550724637681159,0.376811594202899,0.91304347826087,"review"
