"reference_point","n_cases","frame_reversal_rate","average_frame_sensitivity_index","gain_risky_choice_rate","loss_risky_choice_rate"
-100,192,0.96875,89.7227970416331,0.645833333333333,0.322916666666667
0,406,0.975369458128079,80.0773824026026,0.596059113300493,0.403940886699507
100,202,0.816831683168317,91.5534268414236,0.5,0.316831683168317
