"case","action_utility","wait_utility","utility_difference","recommended_action"
"Policy Pilot Case",33.6726804123711,-31.0438144329897,64.7164948453608,"Act"
"Infrastructure Case",27.3984168865435,-33.787598944591,61.1860158311346,"Act"
"Model Drift Case",30.0751104565537,-30.3888070692194,60.4639175257732,"Act"
"Diagnostic Case",25.979381443299,-27.1134020618557,53.0927835051546,"Act"
"Cybersecurity Case",17.8680203045685,-26.9543147208122,44.8223350253807,"Act"
