strategy,average_value,minimum_value,maximum_value,value_volatility,average_regret,maximum_regret,win_rate,downside_breach_rate
Adaptive Strategy,85.865898,52.836428,131.832077,15.974304,3.604421,40.769072,0.486,0.002
Precautionary Strategy,83.41715,53.093946,119.684739,11.441049,6.053169,38.045994,0.356333,0.001
Resilience Strategy,80.299036,50.552386,116.581245,11.341571,9.171283,44.836244,0.089,0.004
Balanced Strategy,78.018481,48.775136,122.787033,14.143319,11.451837,43.428901,0.056667,0.014667
Efficiency Strategy,63.353149,14.435558,111.595458,16.413036,26.11717,73.510493,0.012,0.325667
