"strategy","probability_weighted_score","minimum_score","score_range","robustness_score"
"Adaptive Strategy",0.798835,0.7705,0.0529999999999999,0.560569344827586
"Precautionary Strategy",0.764095,0.722,0.0915,0.499785413793104
"Balanced Strategy",0.730618,0.719,0.0220000000000001,0.471631682758621
"Resilience Strategy",0.733374,0.688,0.105,0.442537531034483
"Efficiency Strategy",0.613114,0.517,0.188,0.2979956
