"strategy","average_score","probability_weighted_score","minimum_score","maximum_score","score_range","average_rank","worst_rank","best_rank","rank_range","robustness_score"
"Adaptive Strategy",0.801583333333333,0.798835,0.7705,0.8235,0.0529999999999999,1,1,1,0,0.560569344827586
"Precautionary Strategy",0.767483333333333,0.764095,0.722,0.8135,0.0915,2.16666666666667,3,2,1,0.499785413793104
"Balanced Strategy",0.729833333333333,0.730618,0.719,0.741,0.0220000000000001,3.33333333333333,4,2,2,0.471631682758621
"Resilience Strategy",0.737833333333333,0.733374,0.688,0.793,0.105,3.66666666666667,5,3,2,0.442537531034483
"Efficiency Strategy",0.6051,0.613114,0.517,0.705,0.188,4.83333333333333,5,4,1,0.2979956
