"shock_probability","top_expected_value_strategy","top_expected_value","Optimize_expected_value","Balanced_expected_value","Robust_expected_value","Adaptive_expected_value","StagedPilot_expected_value"
0.05,"Adaptive",77.3571428571429,68.2869047619048,75.9666666666667,68.9452380952381,77.3571428571429,70.002380952381
0.1,"Adaptive",75.2857142857143,59.6928571428571,72.6,67.8428571428571,75.2857142857143,68.5285714285714
0.15,"Adaptive",73.2142857142857,51.0988095238095,69.2333333333333,66.7404761904762,73.2142857142857,67.0547619047619
0.2,"Adaptive",71.1428571428572,42.5047619047619,65.8666666666667,65.6380952380952,71.1428571428572,65.5809523809524
0.25,"Adaptive",69.0714285714286,33.9107142857143,62.5,64.5357142857143,69.0714285714286,64.1071428571429
0.3,"Adaptive",67,25.3166666666667,59.1333333333333,63.4333333333333,67,62.6333333333333
0.35,"Adaptive",64.9285714285714,16.722619047619,55.7666666666667,62.3309523809524,64.9285714285714,61.1595238095238
0.4,"Adaptive",62.8571428571429,8.12857142857143,52.4,61.2285714285714,62.8571428571429,59.6857142857143
